<?xml version="1.0" encoding="utf-8"?>
<extension type="plugin" group="system" method="upgrade">
        <name>Did someone clone me</name>
        <author>Wesley Neelen</author>
        <creationDate>2023-03-10</creationDate>
        <copyright>Copyright (C) 2023 Wesley Neelen. All rights reserved.</copyright>
        <license>GNU/GPLv3 http://www.gnu.org/copyleft/gpl.html</license>
        <authorEmail>contact@didsomeoneclone.me</authorEmail>
        <authorUrl>https://didsomeoneclone.me</authorUrl>
        <version>1.0.0</version>
        <description>PLG_SYSTEM_DSCM_DESCRIPTION</description>
        <files>
                <filename plugin="didsomeonecloneme">didsomeonecloneme.php</filename>
                <filename>index.html</filename>
        </files>
        <languages folder="language">
                <language tag="en-GB">en-GB/plg_system_didsomeonecloneme.ini</language>
                <language tag="en-GB">en-GB/plg_system_didsomeonecloneme.sys.ini</language>
        </languages>
        <config>
                <fields name="params">
                        <fieldset name="basic">
                                <field name="link"
                                        type="text"
                                        label="PLG_SYSTEM_DSCM_LINK"
                                        description="PLG_SYSTEM_DSCM_LINK_DESC">
                                </field>
                        </fieldset>
                </fields>
        </config>
        <updateservers>
                <server type="extension" priority="1" name="Did someone clone me update">
                        https://raw.githubusercontent.com/didsomeonecloneme/didsomeonecloneme.github.io/master/uploads/didsomeonecloneme_updates.xml
                </server>
    </updateservers>
</extension>
